text;Labeling;;;
RT @Dennysiregar7: Mungkin adek2 BEM @univ_indonesia yg protes pembubaran FPI, masih pada korengan pantatnya dan ingusnya meler2 sambil ceb…;Negative;;;
RT @MCAOps: BEM UI mengecam pemberangusan demokrasi dan upaya pencederaian hak asasi manusia sebagai bagian dari prinsip-prinsip negara huk…;Positive;;;
"RT @OvanGhozali: Pancasila dihadapkan dlm pembubaran HTI &amp; FPI.

Menunggu Pancasila dihadapkan pada:
- Polugri AS &amp; China
- Para Kapitalis/…";Positive;;;
RT @demokrasiambyar: Stlh hiruk pikuk pembubaran   Ormas FPI berakhir dg SKB, yg sdikit byknya perhatian rakyat teralihkan dari pengusutan…;Negative;;;
"RT @jafarsi94561356: Lawan Hoax Neo FPI &amp; Kovid
#BasmiKelompokProTerorisme
Pembubaran dan pelarangan  terhadap ormas yg melanggar norma-nor…";Positive;;;
"RT @OvanGhozali: Pancasila dihadapkan dlm pembubaran HTI &amp; FPI.

Menunggu Pancasila dihadapkan pada:
- Polugri AS &amp; China
- Para Kapitalis/…";Positive;;;
"RT @OvanGhozali: Pancasila dihadapkan dlm pembubaran HTI &amp; FPI.

Menunggu Pancasila dihadapkan pada:
- Polugri AS &amp; China
- Para Kapitalis/…";Positive;;;
"RT @OvanGhozali: Pancasila dihadapkan dlm pembubaran HTI &amp; FPI.

Menunggu Pancasila dihadapkan pada:
- Polugri AS &amp; China
- Para Kapitalis/…";Positive;;;
RT @Dennysiregar7: Mungkin adek2 BEM @univ_indonesia yg protes pembubaran FPI, masih pada korengan pantatnya dan ingusnya meler2 sambil ceb…;Negative;;;
RT @Dennysiregar7: Mungkin adek2 BEM @univ_indonesia yg protes pembubaran FPI, masih pada korengan pantatnya dan ingusnya meler2 sambil ceb…;Negative;;;
"RT @geloraco: Bantah Bela FPI, BEM UI: Ini soal Landasan Pembubaran Ormas Tanpa Peradilan
https://t.co/lyI4vy6vIt";Negative;;;
RT @seruanhl: Eks Juru Bicara Jokowi-Maruf Amin Dedek Prayudi alias Dedek Uki membongkar borok efpei hingga dibubarkan. Dia mengomentari pe…;Negative;;;
"Lawan Hoax Neo FPI &amp; Kovid
#BasmiKelompokProTerorisme
Pembubaran dan pelarangan  terhadap ormas yg melanggar norma-… https://t.co/vxl5j3vUFI";Negative;;;
RT @Dennysiregar7: Mungkin adek2 BEM @univ_indonesia yg protes pembubaran FPI, masih pada korengan pantatnya dan ingusnya meler2 sambil ceb…;Negative;;;
"RT @nar_dwi: Aku juga mau ucapin juga.. 
TERIMA KASIH 
TNI - POLRI  Atas pembubaran Ormas FPI
Hidup TNI POLRI untuk NKRI
 @Puspen_TNI 
 @Di…";Positive;;;
RT @MCAOps: BEM UI mengecam pemberangusan demokrasi dan upaya pencederaian hak asasi manusia sebagai bagian dari prinsip-prinsip negara huk…;Negative;;;
RT @tribunnews: Dituduh Dukung FPI, BEM UI: Kami Fokus Kebijakan Pembubaran Ormas Tanpa Peradilan https://t.co/84HBUOT5yK via @tribunnewswi…;Negative;;;
"RT @OvanGhozali: Pancasila dihadapkan dlm pembubaran HTI &amp; FPI.

Menunggu Pancasila dihadapkan pada:
- Polugri AS &amp; China
- Para Kapitalis/…";Positive;;;
"RT @buns_qbs: MATI KETAWA CARA SKB!! LUCUNYA ALASAN PEMBUBARAN FPI!!

Refly Harun Channel
https://t.co/Huipu9RilT

#UsutPredatorKM50 
#Just…";Negative;;;
"MATI KETAWA CARA SKB!! LUCUNYA ALASAN PEMBUBARAN FPI!!

Refly Harun Channel
https://t.co/Huipu9RilT… https://t.co/UCz6pbyrBS";Negative;;;
RT @Dennysiregar7: Mungkin adek2 BEM @univ_indonesia yg protes pembubaran FPI, masih pada korengan pantatnya dan ingusnya meler2 sambil ceb…;Negative;;;
"RT @conan_idn: Kalau kapasitas otak gak peduli bahkan gak paham demokrasi, ya pasti kalian @BEMUI_Official akan dituduh macam2.
Ya sudahlah…";Negative;;;
RT @Brains_Burnt: Deklarasi Front Persatuan Islam. Karo Penmas Divisi Humas Polri Brigjen Rusdi mengatakan, pembubaran akan dilakukan jika…;Positive;;;
RT @siregar0308: Dia juga menduga pembubaran FPI ada kaitannya dengan kekalahan Basuki Tjahaja Purnama alias Ahok dalam Pilkada DKI Jakarta…;Positive;;;
"RT @geloraco: Bantah Bela FPI, BEM UI: Ini soal Landasan Pembubaran Ormas Tanpa Peradilan
https://t.co/lyI4vy6vIt";Positive;;;
RT @siregar0308: Sebelumnya, Mahfud MD mengumumkan pembubaran FPI pada 30 Desember 2020. Sebab, sejak 21 Juni 2019 secara de jure telah bub…;Positive;;;
RT @siregar0308: Sebelumnya, Mahfud MD mengumumkan pembubaran FPI pada 30 Desember 2020. Sebab, sejak 21 Juni 2019 secara de jure telah bub…;Positive;;;
"RT @Brains_Burnt: PB Himpunan Mahasiswa Islam menyatakan sikap : Mendukung Pembubaran Organisasi Anti Negara seperti FPI. 

Ada saran bang…";Positive;;;
"RT @selfmirror_: 2. Pernyataan ini menanggapi adanya aksi deklarasi ormas Front Persatuan Islam (FPI).

Karo Penmas Divisi Humas Polri Brig…";Positive;;;
"RT @RETHA_Monicaa: FPI dibubarkan karena sering melanggar hukum. 

Pembubaran FPI bukan berarti pemerintah anti Islam, masih banyak organis…";Positive;;;
RT @Dennysiregar7: Mungkin adek2 BEM @univ_indonesia yg protes pembubaran FPI, masih pada korengan pantatnya dan ingusnya meler2 sambil ceb…;Negative;;;
"RT @Panglima_Minal: BEM KAMPUS LAIN PADA TIDUR NIH !!<U+0001F621>

""Dan sebenarnya ada satu hal yang mereka luput, Undang-undang 16 Tahun 2017 karena…";Positive;;;
RT @siregar0308: Dia juga menduga pembubaran FPI ada kaitannya dengan kekalahan Basuki Tjahaja Purnama alias Ahok dalam Pilkada DKI Jakarta…;Positive;;;
RT @siregar0308: Dia juga menduga pembubaran FPI ada kaitannya dengan kekalahan Basuki Tjahaja Purnama alias Ahok dalam Pilkada DKI Jakarta…;Positive;;;
"RT @geloraco: Sepakat Pembubaran FPI, Masinton: Negara Lindungi Masyarakat Dari Organisasi Yang Antidemokrasi
https://t.co/UEO2AHcsfR";Positive;;;
"RT @OvanGhozali: Pancasila dihadapkan dlm pembubaran HTI &amp; FPI.

Menunggu Pancasila dihadapkan pada:
- Polugri AS &amp; China
- Para Kapitalis/…";Positive;;;
"RT @OvanGhozali: Pancasila dihadapkan dlm pembubaran HTI &amp; FPI.

Menunggu Pancasila dihadapkan pada:
- Polugri AS &amp; China
- Para Kapitalis/…";Positive;;;
"RT @jitoe02: Pakar Kaitkan Pembubaran FPI dengan Kalahnya Ahok di Pilkada, Ferdinand: Dagelan, tak Layak Didengar

Lawan Hoax Neo FPI &amp; Kov…";Negative;;;
RT @demokrasiambyar: Stlh hiruk pikuk pembubaran   Ormas FPI berakhir dg SKB, yg sdikit byknya perhatian rakyat teralihkan dari pengusutan…;Positive;;;
"RT @__GoldenAngel_: Untuk mahasiswa kemarin yg sok kemlinti baca nih

Ini udah pakar lho 

Kebijakan yang dilakukan pemerintah telah sesuai…";Negative;;;
"RT @geloraco: Bantah Bela FPI, BEM UI: Ini soal Landasan Pembubaran Ormas Tanpa Peradilan
https://t.co/lyI4vy6vIt";Negative;;;
RT @seruanhl: Wakil Ketua Komisi III DPR RI dari Fraksi Partai NasDem Ahmad Sahroni menyatakan langkah pemerintah membubarkan dan menetapka…;Positive;;;
RT @SantorinisSun: Ketika kt kaget dgn reaksi BEM sebuah PT terkemuka thd pembubaran FPI yg entah apa motivasinya...berikut ada tulisan dr…;Positive;;;
"RT @conan_idn: Kalau kapasitas otak gak peduli bahkan gak paham demokrasi, ya pasti kalian @BEMUI_Official akan dituduh macam2.
Ya sudahlah…";Negative;;;
RT @demokrasiambyar: Stlh hiruk pikuk pembubaran   Ormas FPI berakhir dg SKB, yg sdikit byknya perhatian rakyat teralihkan dari pengusutan…;Positive;;;
@pakmul63 Rupanya sejak tahun 2017, kaum oligarki sdh mensetting kebijakan pembubaran ormas buat melakukan pembubar… https://t.co/e9GLR0ci17;Negative;;;
"RT @OvanGhozali: Pancasila dihadapkan dlm pembubaran HTI &amp; FPI.

Menunggu Pancasila dihadapkan pada:
- Polugri AS &amp; China
- Para Kapitalis/…";Positive;;;
"RT @SirianaGde: Bubarin FPI blunder besar Jokowi
https://t.co/OjAhhhQmu9";Positive;;;
RT @demokrasiambyar: Stlh hiruk pikuk pembubaran   Ormas FPI berakhir dg SKB, yg sdikit byknya perhatian rakyat teralihkan dari pengusutan…;Positive;;;
RT @Dennysiregar7: Mungkin adek2 BEM @univ_indonesia yg protes pembubaran FPI, masih pada korengan pantatnya dan ingusnya meler2 sambil ceb…;Negative;;;
"@geloraco FPI membantu masyarakat yg kesusahan terkena bencana berarti membantu meringankan tugas negara.
Sementara… https://t.co/Vf1ckMvQ1K";Negative;;;
"RT @OvanGhozali: Pancasila dihadapkan dlm pembubaran HTI &amp; FPI.

Menunggu Pancasila dihadapkan pada:
- Polugri AS &amp; China
- Para Kapitalis/…";Negative;;;
RT @MCAOps: BEM UI mengecam pemberangusan demokrasi dan upaya pencederaian hak asasi manusia sebagai bagian dari prinsip-prinsip negara huk…;Positive;;;
"RT @idtodayco: Bantah Bela FPI dalam Pernyataan Sikap, BEM UI: Ini soal Landasan Pembubaran Ormas Tanpa Peradilan 
https://t.co/6cNRJsFnDx";Positive;;;
"RT @muannas_alaidid: BEM UI Minta Cabut SKB Pembubaran FPI, Muannas: sebagai Intelektual Terdidik Jangan Mau Ditunggangi!
https://t.co/CK9z…";Positive;;;
RT @MCAOps: BEM UI mengecam pemberangusan demokrasi dan upaya pencederaian hak asasi manusia sebagai bagian dari prinsip-prinsip negara huk…;Negative;;;
RT @Dennysiregar7: Mungkin adek2 BEM @univ_indonesia yg protes pembubaran FPI, masih pada korengan pantatnya dan ingusnya meler2 sambil ceb…;Negative;;;
"RT @__GoldenAngel_: Untuk mahasiswa kemarin yg sok kemlinti baca nih

Ini udah pakar lho 

Kebijakan yang dilakukan pemerintah telah sesuai…";Negative;;;
RT @seruanhl: Eks Juru Bicara Jokowi-Maruf Amin Dedek Prayudi alias Dedek Uki membongkar borok efpei hingga dibubarkan. Dia mengomentari pe…;Negative;;;
RT @demokrasiambyar: Stlh hiruk pikuk pembubaran   Ormas FPI berakhir dg SKB, yg sdikit byknya perhatian rakyat teralihkan dari pengusutan…;Positive;;;
"RT @Markonah76: Fpi dah hilang gak perlu dibahas,
Kalau mau bahas fpi yang baru dimunculkan harus dibubarkan lagi.

Lawan Hoax Neo FPI &amp; Ko…";Positive;;;
"RT @OvanGhozali: Pancasila dihadapkan dlm pembubaran HTI &amp; FPI.

Menunggu Pancasila dihadapkan pada:
- Polugri AS &amp; China
- Para Kapitalis/…";Positive;;;
"RT @OposisiCerdas: BEM UI Bantah Bela FPI: Ini soal Landasan Pembubaran Ormas
https://t.co/96CKLLPcCz";Positive;;;
RT @demokrasiambyar: Stlh hiruk pikuk pembubaran   Ormas FPI berakhir dg SKB, yg sdikit byknya perhatian rakyat teralihkan dari pengusutan…;Positive;;;
RT @demokrasiambyar: Stlh hiruk pikuk pembubaran   Ormas FPI berakhir dg SKB, yg sdikit byknya perhatian rakyat teralihkan dari pengusutan…;Positive;;;
"RT @geloraco: Bantah Bela FPI, BEM UI: Ini soal Landasan Pembubaran Ormas Tanpa Peradilan
https://t.co/lyI4vy6vIt";Positive;;;
RT @demokrasiambyar: Stlh hiruk pikuk pembubaran   Ormas FPI berakhir dg SKB, yg sdikit byknya perhatian rakyat teralihkan dari pengusutan…;Positive;;;
"RT @SirianaGde: Bubarin FPI blunder besar Jokowi
https://t.co/OjAhhhQmu9";Positive;;;
"RT @geloraco: Bantah Bela FPI, BEM UI: Ini soal Landasan Pembubaran Ormas Tanpa Peradilan
https://t.co/lyI4vy6vIt";Positive;;;
"RT @geloraco: Bantah Bela FPI, BEM UI: Ini soal Landasan Pembubaran Ormas Tanpa Peradilan
https://t.co/lyI4vy6vIt";Positive;;;
"RT @geloraco: Bantah Bela FPI, BEM UI: Ini soal Landasan Pembubaran Ormas Tanpa Peradilan
https://t.co/lyI4vy6vIt";Positive;;;
RT @Dennysiregar7: Mungkin adek2 BEM @univ_indonesia yg protes pembubaran FPI, masih pada korengan pantatnya dan ingusnya meler2 sambil ceb…;Negative;;;
"RT @OposisiCerdas: BEM UI Bantah Bela FPI: Ini soal Landasan Pembubaran Ormas
https://t.co/96CKLLPcCz";Positive;;;
"RT @OposisiCerdas: BEM UI Bantah Bela FPI: Ini soal Landasan Pembubaran Ormas
https://t.co/96CKLLPcCz";Positive;;;
RT @muannas_alaidid: Keputusan pemerintah sudah pas soal pembubaran FPI sesuai dengan prinsip demokrasi dan konstitusional, ngapain ribut.…;Positive;;;
RT @MCAOps: BEM UI mengecam pemberangusan demokrasi dan upaya pencederaian hak asasi manusia sebagai bagian dari prinsip-prinsip negara huk…;Negative;;;
"RT @RETHA_Monicaa: Survei Charta Politica &amp; SMRC menunjukkan hasil bhw, masyarakat menjwb setuju dgn pembubaran FPI. 
FPI dinilai kerap mel…";Positive;;;
RT @demokrasiambyar: Stlh hiruk pikuk pembubaran   Ormas FPI berakhir dg SKB, yg sdikit byknya perhatian rakyat teralihkan dari pengusutan…;Positive;;;
RT @Dennysiregar7: Mungkin adek2 BEM @univ_indonesia yg protes pembubaran FPI, masih pada korengan pantatnya dan ingusnya meler2 sambil ceb…;Positive;;;
RT @demokrasiambyar: Stlh hiruk pikuk pembubaran   Ormas FPI berakhir dg SKB, yg sdikit byknya perhatian rakyat teralihkan dari pengusutan…;Positive;;;
"BEM KAMPUS LAIN PADA TIDUR NIH !!<U+0001F621>

""Dan sebenarnya ada satu hal yang mereka luput, Undang-undang 16 Tahun 2017 kar… https://t.co/gYpEgPyOKp";Negative;;;
"RT @kompascom: Thread: 

BEM UI Kritik Pembubaran FPI oleh Pemerintah Tanpa Peradilan - #BEMUI
https://t.co/yBUrdsxUwy";Positive;;;
RT @demokrasiambyar: Stlh hiruk pikuk pembubaran   Ormas FPI berakhir dg SKB, yg sdikit byknya perhatian rakyat teralihkan dari pengusutan…;Positive;;;
"RT @OposisiCerdas: BEM UI Bantah Bela FPI: Ini soal Landasan Pembubaran Ormas
https://t.co/96CKLLPcCz";Positive;;;
"RT @conan_idn: Kalau kapasitas otak gak peduli bahkan gak paham demokrasi, ya pasti kalian @BEMUI_Official akan dituduh macam2.
Ya sudahlah…";Negative;;;
"RT @OvanGhozali: Pancasila dihadapkan dlm pembubaran HTI &amp; FPI.

Menunggu Pancasila dihadapkan pada:
- Polugri AS &amp; China
- Para Kapitalis/…";Positive;;;
"Alasan Pembubaran FPI     Lawan Hoax Neo FPI &amp; Kovid
#BasmiKelompokProTerorisme https://t.co/eiHp9XwgRB";Positive;;;
RT @Dennysiregar7: Mungkin adek2 BEM @univ_indonesia yg protes pembubaran FPI, masih pada korengan pantatnya dan ingusnya meler2 sambil ceb…;Negative;;;
"RT @OposisiCerdas: BEM UI Bantah Bela FPI: Ini soal Landasan Pembubaran Ormas
https://t.co/96CKLLPcCz";Positive;;;
RT @tribunnews: Dituduh Dukung FPI, BEM UI: Kami Fokus Kebijakan Pembubaran Ormas Tanpa Peradilan https://t.co/84HBUOT5yK via @tribunnewswi…;Positive;;;
RT @Dennysiregar7: Mungkin adek2 BEM @univ_indonesia yg protes pembubaran FPI, masih pada korengan pantatnya dan ingusnya meler2 sambil ceb…;Negative;;;
"RT @muannas_alaidid: Beneran UI ini ? UU Ormas itu konstitusional sdh selesai di MK &amp; tdk halangi mrk yg dibubarkan unt tempuh ke pengadila…";Positive;;;
RT @Dennysiregar7: Mungkin adek2 BEM @univ_indonesia yg protes pembubaran FPI, masih pada korengan pantatnya dan ingusnya meler2 sambil ceb…;Negative;;;
"RT @muannas_alaidid: BEM UI Minta Cabut SKB Pembubaran FPI, Muannas: sebagai Intelektual Terdidik Jangan Mau Ditunggangi!
https://t.co/CK9z…";Negative;;;
RT @Dennysiregar7: Mungkin adek2 BEM @univ_indonesia yg protes pembubaran FPI, masih pada korengan pantatnya dan ingusnya meler2 sambil ceb…;Negative;;;
"RT @OvanGhozali: Pancasila dihadapkan dlm pembubaran HTI &amp; FPI.

Menunggu Pancasila dihadapkan pada:
- Polugri AS &amp; China
- Para Kapitalis/…";Positive;;;
RT @HisyamMochtar: Jika pembubaran FPI karena dituduh anggotanya ada yang terlibat terorisme. Apa salahnya bubarkan PDIP karena banyak kade…;Negative;;;
RT @Dennysiregar7: Mungkin adek2 BEM @univ_indonesia yg protes pembubaran FPI, masih pada korengan pantatnya dan ingusnya meler2 sambil ceb…;Negative;;;
"RT @DSutiyanti: Survei Membuktikan, Publik Puas Terhadap Jokowi Serta Lega HRS Ditangkap Diiringi Pembubaran FPI

Puas banget, lihat fadliz…";Positive;;;
"RT @geloraco: Sepakat Pembubaran FPI, Masinton: Negara Lindungi Masyarakat Dari Organisasi Yang Antidemokrasi
https://t.co/UEO2AHcsfR";Positive;;;
RT @demokrasiambyar: Stlh hiruk pikuk pembubaran   Ormas FPI berakhir dg SKB, yg sdikit byknya perhatian rakyat teralihkan dari pengusutan…;Positive;;;
"RT @ayahnyafaris_id: Pdhl FPI tidak merasa didukung BEM UI, 5 Poin yg dikritisi teman² BEM UI adl ""Proses Pembubaran Tanpa Peradilan"", buka…";Negative;;;
"RT @conan_idn: Kalau kapasitas otak gak peduli bahkan gak paham demokrasi, ya pasti kalian @BEMUI_Official akan dituduh macam2.
Ya sudahlah…";Negative;;;
"RT @Markonah76: Fpi dah hilang gak perlu dibahas,
Kalau mau bahas fpi yang baru dimunculkan harus dibubarkan lagi.

Lawan Hoax Neo FPI &amp; Ko…";Positive;;;
"RT @geloraco: Bantah Bela FPI, BEM UI: Ini soal Landasan Pembubaran Ormas Tanpa Peradilan
https://t.co/lyI4vy6vIt";Positive;;;
"RT @DSutiyanti: Survei Membuktikan, Publik Puas Terhadap Jokowi Serta Lega HRS Ditangkap Diiringi Pembubaran FPI

Puas banget, lihat fadliz…";Positive;;;
"RT @narkosun: Saya kira masuk UI itu sudah standar kecerdasan. Ealah ternyata ada yg kayak gini. 

BEM UI Desak Negara Cabut SKB Pembubaran…";Positive;;;
"RT @denni_sauya: 3. Simak juga salah satu alasan pemerintah tentang pembubaran ormas Epe'i..!! 

Lawan Hoax Neo FPI &amp; Kovid
#BasmiKelompokP…";Positive;;;
RT @lawjusticeco: Amnesty Internasional Pastikan Pembubaran FPI Langgar Hak Berserikat https://t.co/FV4dXs7TRr;Positive;;;
"RT @denni_sauya: 2. Lembaga Dakwah NU Kota Denpasar mendukung pembubaran Epe'i.

Lawan Hoax Neo FPI &amp; Kovid
#BasmiKelompokProTerorisme http…";Positive;;;
RT @MCAOps: BEM UI mengecam pemberangusan demokrasi dan upaya pencederaian hak asasi manusia sebagai bagian dari prinsip-prinsip negara huk…;Positive;;;
RT @demokrasiambyar: Stlh hiruk pikuk pembubaran   Ormas FPI berakhir dg SKB, yg sdikit byknya perhatian rakyat teralihkan dari pengusutan…;Positive;;;
"RT @DSutiyanti: Survei Membuktikan, Publik Puas Terhadap Jokowi Serta Lega HRS Ditangkap Diiringi Pembubaran FPI

Puas banget, lihat fadliz…";Positive;;;
"RT @geloraco: Bantah Bela FPI, BEM UI: Ini soal Landasan Pembubaran Ormas Tanpa Peradilan
https://t.co/lyI4vy6vIt";Positive;;;
"RT @denni_sauya: 5. Pembubaran Epe'i murni karena hukum, dalam AD/ART mereka pun tidak mencantumkan azas Pancasila.

Lawan Hoax Neo FPI &amp; K…";Positive;;;
RT @tribunnews: Dituduh Dukung FPI, BEM UI: Kami Fokus Kebijakan Pembubaran Ormas Tanpa Peradilan https://t.co/84HBUOT5yK via @tribunnewswi…;Positive;;;
Maling teriak maling. Partai Demokrasi tp anti demokrasi.https://t.co/o5VeCrOJ2Y;Negative;;;
"RT @Widyarenee: Ciseeng, Jawa Barat...
Mendukung Pembubaran FPI ya, Ustad. Semoga anggota FPI belajar agama lagi deh di masjid2 yg adem Ula…";Positive;;;
"RT @Markonah76: Fpi dah hilang gak perlu dibahas,
Kalau mau bahas fpi yang baru dimunculkan harus dibubarkan lagi.

Lawan Hoax Neo FPI &amp; Ko…";Positive;;;
"RT @nar_dwi: Aku juga mau ucapin juga.. 
TERIMA KASIH 
TNI - POLRI  Atas pembubaran Ormas FPI
Hidup TNI POLRI untuk NKRI
 @Puspen_TNI 
 @Di…";Positive;;;
"@OposisiCerdas @ViviAgoestina Oh, ya. Koq di #Medan pada tiarap ya?

Selamat Sukses Pada Pemerintah, Kami Kawal Pem… https://t.co/NgueG6U9jO";Positive;;;
RT @idtodayco: BEM UI Kecam Keras Pembubaran FPI dan Maklumat Kapolri, Ini Alasannya https://t.co/eFksfECQW0;Negative;;;
"RT @conan_idn: Kalau kapasitas otak gak peduli bahkan gak paham demokrasi, ya pasti kalian @BEMUI_Official akan dituduh macam2.
Ya sudahlah…";Positive;;;
"RT @jitoe02: Pakar Kaitkan Pembubaran FPI dengan Kalahnya Ahok di Pilkada, Ferdinand: Dagelan, tak Layak Didengar

Lawan Hoax Neo FPI &amp; Kov…";Positive;;;
RT @MCAOps: BEM UI mengecam pemberangusan demokrasi dan upaya pencederaian hak asasi manusia sebagai bagian dari prinsip-prinsip negara huk…;Positive;;;
"RT @geloraco: Sepakat Pembubaran FPI, Masinton: Negara Lindungi Masyarakat Dari Organisasi Yang Antidemokrasi
https://t.co/UEO2AHcsfR";Positive;;;
RT @demokrasiambyar: Stlh hiruk pikuk pembubaran   Ormas FPI berakhir dg SKB, yg sdikit byknya perhatian rakyat teralihkan dari pengusutan…;Positive;;;
"RT @DSutiyanti: Survei Membuktikan, Publik Puas Terhadap Jokowi Serta Lega HRS Ditangkap Diiringi Pembubaran FPI

Puas banget, lihat fadliz…";Positive;;;
RT @Dennysiregar7: Mungkin adek2 BEM @univ_indonesia yg protes pembubaran FPI, masih pada korengan pantatnya dan ingusnya meler2 sambil ceb…;Negative;;;
RT @MCAOps: BEM UI mengecam pemberangusan demokrasi dan upaya pencederaian hak asasi manusia sebagai bagian dari prinsip-prinsip negara huk…;Positive;;;
"RT @SheeraKe: Hasil servei : Publik  puas dengan pembubaran efpeayy

Yang ga puas cuma Zonkkk 
Kaderoon dan golongan <U+0001F61C>

Berangus ulama into…";Positive;;;
"RT @__GoldenAngel_: Untuk mahasiswa kemarin yg sok kemlinti baca nih

Ini udah pakar lho 

Kebijakan yang dilakukan pemerintah telah sesuai…";Negative;;;
"Untuk mahasiswa kemarin yg sok kemlinti baca nih

Ini udah pakar lho 

Kebijakan yang dilakukan pemerintah telah se… https://t.co/bVT3wwnnqe";Negative;;;
"RT @nar_dwi: Aku juga mau ucapin juga.. 
TERIMA KASIH 
TNI - POLRI  Atas pembubaran Ormas FPI
Hidup TNI POLRI untuk NKRI
 @Puspen_TNI 
 @Di…";Positive;;;
"Aku juga mau ucapin juga.. 
TERIMA KASIH 
TNI - POLRI  Atas pembubaran Ormas FPI
Hidup TNI POLRI untuk NKRI… https://t.co/W2ELgnIUv4";Positive;;;
RT @demokrasiambyar: Stlh hiruk pikuk pembubaran   Ormas FPI berakhir dg SKB, yg sdikit byknya perhatian rakyat teralihkan dari pengusutan…;Positive;;;
RT @demokrasiambyar: Stlh hiruk pikuk pembubaran   Ormas FPI berakhir dg SKB, yg sdikit byknya perhatian rakyat teralihkan dari pengusutan…;Positive;;;
"RT @geloraco: Bantah Bela FPI, BEM UI: Ini soal Landasan Pembubaran Ormas Tanpa Peradilan
https://t.co/lyI4vy6vIt";Positive;;;
RT @demokrasiambyar: Stlh hiruk pikuk pembubaran   Ormas FPI berakhir dg SKB, yg sdikit byknya perhatian rakyat teralihkan dari pengusutan…;Negative;;;
"RT @geloraco: Sepakat Pembubaran FPI, Masinton: Negara Lindungi Masyarakat Dari Organisasi Yang Antidemokrasi
https://t.co/UEO2AHcsfR";Positive;;;
"RT @DSutiyanti: Survei Membuktikan, Publik Puas Terhadap Jokowi Serta Lega HRS Ditangkap Diiringi Pembubaran FPI

Puas banget, lihat fadliz…";Positive;;;
"RT @geloraco: Bantah Bela FPI, BEM UI: Ini soal Landasan Pembubaran Ormas Tanpa Peradilan
https://t.co/lyI4vy6vIt";Positive;;;
"RT @geloraco: Luruskan Pernyataan Kadernya, Arya Kharisma: PB HMI Tidak Pernah Mendukung Pembubaran FPI
https://t.co/raUCEDmBQp";Negative;;;
"RT @FirzaHusain: Emang FPI punya badan hukum, klu ga punya gimana mau melalui mekanisme peradilan ? <U+0001F92D><U+0001F92D><U+0001F60A>

BEM UI memberikan pernyataan terka…";Positive;;;
"RT @geloraco: Bantah Bela FPI, BEM UI: Ini soal Landasan Pembubaran Ormas Tanpa Peradilan
https://t.co/lyI4vy6vIt";Negative;;;
"RT @must_Ally09: Wakil Rakyat me wakili rakyat Bapak2 juga yang mengesahkan UU pemubaran Ormas yang bertentangan dengan Pancasila.
Jadi apa…";Positive;;;
"RT @menxurigakan: Bahwa FPI tidak te-register menjadi alasan pembubaran &amp; pelarangan kegiatan FPI, ini juga jelas tidak sesuai dengan UU Or…";Positive;;;
RT @MCAOps: BEM UI mengecam pemberangusan demokrasi dan upaya pencederaian hak asasi manusia sebagai bagian dari prinsip-prinsip negara huk…;Negative;;;
Ketua MUI Prov. Malut mendukung Pemerintah terkait SKB 6 Menteri tentang Pembubaran FPI https://t.co/oscH2hvfD9;Positive;;;
"RT @WSiswojo: BEM UI RECEH/RONGSOKAN
Hubungane apa pelarangan FPI dg kalian2 mahasiswa??? Apa bedanya gerakan HTI DG FPI? Kl kalian2 bela /…";Positive;;;
RT @Markonah76: Karo Penmas Divisi Humas Polri Brigjen Rusdi Hartono mengatakan, polri akan melakukan pembubaran jika ormas fpi yg baru itu…;Positive;;;
RT @demokrasiambyar: Stlh hiruk pikuk pembubaran   Ormas FPI berakhir dg SKB, yg sdikit byknya perhatian rakyat teralihkan dari pengusutan…;Positive;;;
RT @MCAOps: BEM UI mengecam pemberangusan demokrasi dan upaya pencederaian hak asasi manusia sebagai bagian dari prinsip-prinsip negara huk…;Negative;;;
RT @Dennysiregar7: Mungkin adek2 BEM @univ_indonesia yg protes pembubaran FPI, masih pada korengan pantatnya dan ingusnya meler2 sambil ceb…;Negative;;;
RT @Dennysiregar7: Mungkin adek2 BEM @univ_indonesia yg protes pembubaran FPI, masih pada korengan pantatnya dan ingusnya meler2 sambil ceb…;Negative;;;
RT @MCAOps: BEM UI mengecam pemberangusan demokrasi dan upaya pencederaian hak asasi manusia sebagai bagian dari prinsip-prinsip negara huk…;Positive;;;
Terima Kunjungan Tokoh Agama, Aipda Budi Bahas Kegiatan Keagamaan dan Pembubaran FPI https://t.co/DUphSNFiy0;Positive;;;
"RT @selfmirror_: 2. Pernyataan ini menanggapi adanya aksi deklarasi ormas Front Persatuan Islam (FPI).

Karo Penmas Divisi Humas Polri Brig…";Positive;;;
RT @demokrasiambyar: Stlh hiruk pikuk pembubaran   Ormas FPI berakhir dg SKB, yg sdikit byknya perhatian rakyat teralihkan dari pengusutan…;Positive;;;
RT @siregar0308: Dia juga menduga pembubaran FPI ada kaitannya dengan kekalahan Basuki Tjahaja Purnama alias Ahok dalam Pilkada DKI Jakarta…;Negative;;;
"RT @OvanGhozali: Pancasila dihadapkan dlm pembubaran HTI &amp; FPI.

Menunggu Pancasila dihadapkan pada:
- Polugri AS &amp; China
- Para Kapitalis/…";Positive;;;
RT @siregar0308: Sebelumnya, Mahfud MD mengumumkan pembubaran FPI pada 30 Desember 2020. Sebab, sejak 21 Juni 2019 secara de jure telah bub…;Positive;;;
RT @MCAOps: BEM UI mengecam pemberangusan demokrasi dan upaya pencederaian hak asasi manusia sebagai bagian dari prinsip-prinsip negara huk…;Positive;;;
"RT @OvanGhozali: Pancasila dihadapkan dlm pembubaran HTI &amp; FPI.

Menunggu Pancasila dihadapkan pada:
- Polugri AS &amp; China
- Para Kapitalis/…";Positive;;;
RT @Dennysiregar7: Mungkin adek2 BEM @univ_indonesia yg protes pembubaran FPI, masih pada korengan pantatnya dan ingusnya meler2 sambil ceb…;Negative;;;
RT @Dennysiregar7: Mungkin adek2 BEM @univ_indonesia yg protes pembubaran FPI, masih pada korengan pantatnya dan ingusnya meler2 sambil ceb…;Negative;;;
"Wakil Rakyat me wakili rakyat Bapak2 juga yang mengesahkan UU pemubaran Ormas yang bertentangan dengan Pancasila.
J… https://t.co/iqRVPKXrG7";Positive;;;
"RT @barep05: Siapa dulu... Presidenkuh <U+0001F44D><U+0001F44D>
Berangus Ulama intoleran dan radikal.
#FPIEmbrioHTI
#NowOrNeverSikatFPI 
#BravoTNIPolriRakyat 
Su…";Positive;;;
RT @demokrasiambyar: Stlh hiruk pikuk pembubaran   Ormas FPI berakhir dg SKB, yg sdikit byknya perhatian rakyat teralihkan dari pengusutan…;Negative;;;
RT @demokrasiambyar: Stlh hiruk pikuk pembubaran   Ormas FPI berakhir dg SKB, yg sdikit byknya perhatian rakyat teralihkan dari pengusutan…;Negative;;;
RT @Dennysiregar7: Mungkin adek2 BEM @univ_indonesia yg protes pembubaran FPI, masih pada korengan pantatnya dan ingusnya meler2 sambil ceb…;Negative;;;
"RT @ArdianZA__: Hasil survei menunjukkan 91,4% puas kinerja Jokowi dan lega MRS di Tangkap dan FPI di bubarkan

Hanya org gak waras yg tdk…";Positive;;;
"RT @OposisiCerdas: Ini Alasan BEM Universitas Indonesia Kritisi Pembubaran FPI
https://t.co/zhkn9HZkmv";Negative;;;
"RT @geloraco: Bantah Bela FPI, BEM UI: Ini soal Landasan Pembubaran Ormas Tanpa Peradilan
https://t.co/lyI4vy6vIt";Positive;;;
RT @MCAOps: BEM UI mengecam pemberangusan demokrasi dan upaya pencederaian hak asasi manusia sebagai bagian dari prinsip-prinsip negara huk…;Positive;;;
RT @Dennysiregar7: Mungkin adek2 BEM @univ_indonesia yg protes pembubaran FPI, masih pada korengan pantatnya dan ingusnya meler2 sambil ceb…;Negative;;;
RT @MCAOps: BEM UI mengecam pemberangusan demokrasi dan upaya pencederaian hak asasi manusia sebagai bagian dari prinsip-prinsip negara huk…;Positive;;;
"RT @OvanGhozali: Pancasila dihadapkan dlm pembubaran HTI &amp; FPI.

Menunggu Pancasila dihadapkan pada:
- Polugri AS &amp; China
- Para Kapitalis/…";Positive;;;
"RT @OposisiCerdas: BEM UI Bantah Bela FPI: Ini soal Landasan Pembubaran Ormas
https://t.co/96CKLLPcCz";Negative;;;
RT @Dennysiregar7: Mungkin adek2 BEM @univ_indonesia yg protes pembubaran FPI, masih pada korengan pantatnya dan ingusnya meler2 sambil ceb…;Negative;;;
"RT @OposisiCerdas: BEM UI Bantah Bela FPI: Ini soal Landasan Pembubaran Ormas
https://t.co/96CKLLPcCz";Negative;;;
"NU Dukung Keputusan Pemerintah Membubarkan FPI    

Alhamdulillah semua elemen mendukung pembubaran FPI
Lawan Hoax… https://t.co/DF9lwVoQHo";Positive;;;
"RT @OposisiCerdas: BEM UI Bantah Bela FPI: Ini soal Landasan Pembubaran Ormas
https://t.co/96CKLLPcCz";Negative;;;
RT @demokrasiambyar: Stlh hiruk pikuk pembubaran   Ormas FPI berakhir dg SKB, yg sdikit byknya perhatian rakyat teralihkan dari pengusutan…;Positive;;;
RT @MCAOps: BEM UI mengecam pemberangusan demokrasi dan upaya pencederaian hak asasi manusia sebagai bagian dari prinsip-prinsip negara huk…;Negative;;;
RT @demokrasiambyar: Stlh hiruk pikuk pembubaran   Ormas FPI berakhir dg SKB, yg sdikit byknya perhatian rakyat teralihkan dari pengusutan…;Positive;;;
"RT @RETHA_Monicaa: Berikut adlh hasil survei Charta Politica tentang pandangan masyarakat terhadap pembubaran FPI. 

Sebanyak 80,1persen se…";Positive;;;
@undipmenfess riset pembubaran FPI ditinjau dari HAM dan UU yang ada ,apakah mekanisme yg dilakukan pemerintah sudah tepat atau belum;Positive;;;
RT @siregar0308: Dia juga menduga pembubaran FPI ada kaitannya dengan kekalahan Basuki Tjahaja Purnama alias Ahok dalam Pilkada DKI Jakarta…;Positive;;;
"Dari sekian banyak masyarakat di tanah air hanya segelintir yang tidak setuju dengan pembubaran FPI 

Lawan Hoax Ne… https://t.co/2mGuizCFPs";Negative;;;
https://t.co/VNy6WVPruy https://t.co/kDN2Hd63LZ;Negative;;;
RT @Dennysiregar7: Mungkin adek2 BEM @univ_indonesia yg protes pembubaran FPI, masih pada korengan pantatnya dan ingusnya meler2 sambil ceb…;Negative;;;
RT @siregar0308: Sebelumnya, Mahfud MD mengumumkan pembubaran FPI pada 30 Desember 2020. Sebab, sejak 21 Juni 2019 secara de jure telah bub…;Positive;;;
RT @demokrasiambyar: Stlh hiruk pikuk pembubaran   Ormas FPI berakhir dg SKB, yg sdikit byknya perhatian rakyat teralihkan dari pengusutan…;Negative;;;
RT @demokrasiambyar: Stlh hiruk pikuk pembubaran   Ormas FPI berakhir dg SKB, yg sdikit byknya perhatian rakyat teralihkan dari pengusutan…;Negative;;;
@geloraco Kita sepakat #BubarkanPDIP lindungi negara dari garong!! RT @geloraco: Sepakat Pembubaran FPI, Masinton:… https://t.co/LrhFfMKiwl;Positive;;;
"RT @RETHA_Monicaa: Berikut adlh hasil survei Charta Politica tentang pandangan masyarakat terhadap pembubaran FPI. 

Sebanyak 80,1persen se…";Positive;;;
"RT @OposisiCerdas: BEM UI Bantah Bela FPI: Ini soal Landasan Pembubaran Ormas
https://t.co/96CKLLPcCz";Negative;;;
"RT @geloraco: Bantah Bela FPI, BEM UI: Ini soal Landasan Pembubaran Ormas Tanpa Peradilan
https://t.co/lyI4vy6vIt";Negative;;;
@Reiza_Patters Baru Sampe waketum gerindra setuju pembubaran FPI...;Positive;;;
"RT @OvanGhozali: Pancasila dihadapkan dlm pembubaran HTI &amp; FPI.

Menunggu Pancasila dihadapkan pada:
- Polugri AS &amp; China
- Para Kapitalis/…";Positive;;;
"RT @RETHA_Monicaa: Berikut adlh hasil survei Charta Politica tentang pandangan masyarakat terhadap pembubaran FPI. 

Sebanyak 80,1persen se…";Positive;;;
RT @demokrasiambyar: Stlh hiruk pikuk pembubaran   Ormas FPI berakhir dg SKB, yg sdikit byknya perhatian rakyat teralihkan dari pengusutan…;Positive;;;
RT @demokrasiambyar: Stlh hiruk pikuk pembubaran   Ormas FPI berakhir dg SKB, yg sdikit byknya perhatian rakyat teralihkan dari pengusutan…;Positive;;;
RT @siregar0308: Dia juga menduga pembubaran FPI ada kaitannya dengan kekalahan Basuki Tjahaja Purnama alias Ahok dalam Pilkada DKI Jakarta…;Positive;;;
RT @siregar0308: Sebelumnya, Mahfud MD mengumumkan pembubaran FPI pada 30 Desember 2020. Sebab, sejak 21 Juni 2019 secara de jure telah bub…;Positive;;;
"Pembubaran FPI melanggar hukum, menodai demokrasi, melanggar ham ???? MBELGEDESSSS !!!!!

#MasyarakatTolakFPIBaru… https://t.co/DHRq4TJaJU";Positive;;;
RT @MCAOps: BEM UI mengecam pemberangusan demokrasi dan upaya pencederaian hak asasi manusia sebagai bagian dari prinsip-prinsip negara huk…;Positive;;;
HMI MENYATAKAN SIKAP ANTI FPI DAN MENDUKUNG PEMBUBARAN ORGANISASI ANTI NEGARA https://t.co/oe7HTcQHST;Positive;;;
RT @MCAOps: BEM UI mengecam pemberangusan demokrasi dan upaya pencederaian hak asasi manusia sebagai bagian dari prinsip-prinsip negara huk…;Negative;;;
"RT @OvanGhozali: Pancasila dihadapkan dlm pembubaran HTI &amp; FPI.

Menunggu Pancasila dihadapkan pada:
- Polugri AS &amp; China
- Para Kapitalis/…";Positive;;;
RT @demokrasiambyar: Stlh hiruk pikuk pembubaran   Ormas FPI berakhir dg SKB, yg sdikit byknya perhatian rakyat teralihkan dari pengusutan…;Negative;;;
"RT @geloraco: Bantah Bela FPI, BEM UI: Ini soal Landasan Pembubaran Ormas Tanpa Peradilan
https://t.co/lyI4vy6vIt";Negative;;;
"RT @Resty23189880: BEM UI: Cabut SKB Pembubaran FPI Dan Maklumat Polri Yang Melarang Konten FPI!

https://t.co/R46zYcwwa6 https://t.co/e9A1…";Negative;;;
"RT @geloraco: Sepakat Pembubaran FPI, Masinton: Negara Lindungi Masyarakat Dari Organisasi Yang Antidemokrasi
https://t.co/UEO2AHcsfR";Positive;;;
"RT @OvanGhozali: Pancasila dihadapkan dlm pembubaran HTI &amp; FPI.

Menunggu Pancasila dihadapkan pada:
- Polugri AS &amp; China
- Para Kapitalis/…";Positive;;;
RT @MCAOps: BEM UI mengecam pemberangusan demokrasi dan upaya pencederaian hak asasi manusia sebagai bagian dari prinsip-prinsip negara huk…;Negative;;;
"RT @RETHA_Monicaa: Berikut adlh hasil survei Charta Politica tentang pandangan masyarakat terhadap pembubaran FPI. 

Sebanyak 80,1persen se…";Positive;;;
RT @MCAOps: BEM UI mengecam pemberangusan demokrasi dan upaya pencederaian hak asasi manusia sebagai bagian dari prinsip-prinsip negara huk…;Negative;;;
RT @demokrasiambyar: Stlh hiruk pikuk pembubaran   Ormas FPI berakhir dg SKB, yg sdikit byknya perhatian rakyat teralihkan dari pengusutan…;Negative;;;
"RT @geloraco: Sepakat Pembubaran FPI, Masinton: Negara Lindungi Masyarakat Dari Organisasi Yang Antidemokrasi
https://t.co/UEO2AHcsfR";Positive;;;
"RT @OposisiCerdas: BEM UI Bantah Bela FPI: Ini soal Landasan Pembubaran Ormas
https://t.co/96CKLLPcCz";Negative;;;
"RT @SirianaGde: Bubarin FPI blunder besar Jokowi
https://t.co/OjAhhhQmu9";Negative;;;
"Masyarakat pun setuju dengan pembubaran FPI, mereka melihat selama ini FPI hanya membuat masalah di tanah air.

Law… https://t.co/oT88YbVW7g";Positive;;;
RT @Dennysiregar7: Mungkin adek2 BEM @univ_indonesia yg protes pembubaran FPI, masih pada korengan pantatnya dan ingusnya meler2 sambil ceb…;Positive;;;
RT @demokrasiambyar: Stlh hiruk pikuk pembubaran   Ormas FPI berakhir dg SKB, yg sdikit byknya perhatian rakyat teralihkan dari pengusutan…;Negative;;;
RT @idtodayco: BEM UI Kecam Keras Pembubaran FPI dan Maklumat Kapolri, Ini Alasannya https://t.co/eFksfECQW0;Negative;;;
"RT @barep05: Siapa dulu... Presidenkuh <U+0001F44D><U+0001F44D>
Berangus Ulama intoleran dan radikal.
#FPIEmbrioHTI
#NowOrNeverSikatFPI 
#BravoTNIPolriRakyat 
Su…";Positive;;;
RT @tribunnews: Dituduh Dukung FPI, BEM UI: Kami Fokus Kebijakan Pembubaran Ormas Tanpa Peradilan https://t.co/84HBUOT5yK via @tribunnewswi…;Negative;;;
"Pernyataan dukungan dari berbagai kalangan Tokoh Kota Mojokerto Terkait Pembubaran FPI.

#fpidibubarkan… https://t.co/dS6CN6Xo1O";Positive;;;
"Pernyataan dukungan dari berbagai kalangan Tokoh Kota Mojokerto Terkait Pembubaran FPI.

#fpidibubarkan… https://t.co/uJ5VkzR0qq";Positive;;;
RT @MCAOps: BEM UI mengecam pemberangusan demokrasi dan upaya pencederaian hak asasi manusia sebagai bagian dari prinsip-prinsip negara huk…;Negative;;;
RT @HisyamMochtar: Jika pembubaran FPI karena dituduh anggotanya ada yang terlibat terorisme. Apa salahnya bubarkan PDIP karena banyak kade…;Negative;;;
"RT @ayahnyafaris_id: Pdhl FPI tidak merasa didukung BEM UI, 5 Poin yg dikritisi teman² BEM UI adl ""Proses Pembubaran Tanpa Peradilan"", buka…";Negative;;;
RT @idtodayco: BEM UI Kecam Keras Pembubaran FPI dan Maklumat Kapolri, Ini Alasannya https://t.co/eFksfECQW0;Negative;;;
"RT @OposisiCerdas: BEM UI Bantah Bela FPI: Ini soal Landasan Pembubaran Ormas
https://t.co/96CKLLPcCz";Negative;;;
"@fahiraidris pejabat seperti ibu aja kena, apalagi orang2 biasa???
Tapi lihatlah, tanpa malu NGAKU pemerintahan jun… https://t.co/kJH8bPRUdl";Negative;;;
"RT @RETHA_Monicaa: Berikut adlh hasil survei Charta Politica tentang pandangan masyarakat terhadap pembubaran FPI. 

Sebanyak 80,1persen se…";Positive;;;
"Menyoal Peran Pemimpin Tertinggi NKRI Terkait Pembubaran FPI  by Dr. marwan Batubara
https://t.co/pT9HIbv5Ij
#MengawalTujuanBernegara #FNN";Positive;;;
#PKB Jawab Tudingan Amien Rais soal Pembubaran FPI - Warta Ekonomi  https://t.co/FBMfpU8Gox #Demokrasi #Indonesia;Positive;;;
RT @Dennysiregar7: Mungkin adek2 BEM @univ_indonesia yg protes pembubaran FPI, masih pada korengan pantatnya dan ingusnya meler2 sambil ceb…;Positive;;;
#Tanggapi Silang Pendapat Pembubaran FPI, Fraksi DPIP: Kebijakan itu Demi Kesatuan NKRI - Pikiran Rakyat Tasikmalay… https://t.co/FmzmqGKwQZ;Positive;;;
#Pembubaran FPI dan Dilema Demokrasi - detikNews  https://t.co/wQoOyETsjR #Demokrasi #Indonesia;Positive;;;
RT @demokrasiambyar: Stlh hiruk pikuk pembubaran   Ormas FPI berakhir dg SKB, yg sdikit byknya perhatian rakyat teralihkan dari pengusutan…;Negative;;;
"RT @RETHA_Monicaa: Berikut adlh hasil survei Charta Politica tentang pandangan masyarakat terhadap pembubaran FPI. 

Sebanyak 80,1persen se…";Positive;;;
"RT @OvanGhozali: Pancasila dihadapkan dlm pembubaran HTI &amp; FPI.

Menunggu Pancasila dihadapkan pada:
- Polugri AS &amp; China
- Para Kapitalis/…";Positive;;;
RT @demokrasiambyar: Stlh hiruk pikuk pembubaran   Ormas FPI berakhir dg SKB, yg sdikit byknya perhatian rakyat teralihkan dari pengusutan…;Negative;;;
"RT @geloraco: Bantah Bela FPI, BEM UI: Ini soal Landasan Pembubaran Ormas Tanpa Peradilan
https://t.co/lyI4vy6vIt";Negative;;;
"RT @geloraco: Sepakat Pembubaran FPI, Masinton: Negara Lindungi Masyarakat Dari Organisasi Yang Antidemokrasi
https://t.co/UEO2AHcsfR";Positive;;;
RT @muannas_alaidid: Keputusan pemerintah sudah pas soal pembubaran FPI sesuai dengan prinsip demokrasi dan konstitusional, ngapain ribut.…;Positive;;;
RT @demokrasiambyar: Stlh hiruk pikuk pembubaran   Ormas FPI berakhir dg SKB, yg sdikit byknya perhatian rakyat teralihkan dari pengusutan…;Negative;;;
"RT @geloraco: Luruskan Pernyataan Kadernya, Arya Kharisma: PB HMI Tidak Pernah Mendukung Pembubaran FPI
https://t.co/raUCEDmBQp";Negative;;;
"RT @OvanGhozali: Pancasila dihadapkan dlm pembubaran HTI &amp; FPI.

Menunggu Pancasila dihadapkan pada:
- Polugri AS &amp; China
- Para Kapitalis/…";Positive;;;
RT @Dennysiregar7: Mungkin adek2 BEM @univ_indonesia yg protes pembubaran FPI, masih pada korengan pantatnya dan ingusnya meler2 sambil ceb…;Positive;;;
RT @suryamakmurnas3: Selamat Datang 2021. Ayo tuntaskan, Peristiwa 1, Penembakan 6 Laskar FPI, 2. Penahanan IB HRS, 3. Pembubaran FPI. 4. K…;Negative;;;
RT @HisyamMochtar: Jika pembubaran FPI karena dituduh anggotanya ada yang terlibat terorisme. Apa salahnya bubarkan PDIP karena banyak kade…;Negative;;;
"RT @geloraco: Sepakat Pembubaran FPI, Masinton: Negara Lindungi Masyarakat Dari Organisasi Yang Antidemokrasi
https://t.co/UEO2AHcsfR";Positive;;;
"Biar Bebas Merampok Uang Rakyat
https://t.co/3me2nbgMvB";Negative;;;
RT @Dennysiregar7: Mungkin adek2 BEM @univ_indonesia yg protes pembubaran FPI, masih pada korengan pantatnya dan ingusnya meler2 sambil ceb…;Positive;;;
Deklarasi Front Persatuan Islam. Karo Penmas Divisi Humas Polri Brigjen Rusdi mengatakan, pembubaran akan dilakukan… https://t.co/yhKnVu2ntc;Negative;;;
RT @Markonah76: Karo Penmas Divisi Humas Polri Brigjen Rusdi Hartono mengatakan, polri akan melakukan pembubaran jika ormas fpi yg baru itu…;Positive;;;
RT @demokrasiambyar: Stlh hiruk pikuk pembubaran   Ormas FPI berakhir dg SKB, yg sdikit byknya perhatian rakyat teralihkan dari pengusutan…;Negative;;;
"RT @WidyoLita: Sekjen MUI :
""Soal pembubaran FPI, bina dgn merangkul, bukan memukul"".

Sy setuju pak. Rangkul &amp; jgn memukul. Itu berlaku ut…";Negative;;;
"RT @RETHA_Monicaa: Survei Charta Politica &amp; SMRC menunjukkan hasil bhw, masyarakat menjwb setuju dgn pembubaran FPI. 
FPI dinilai kerap mel…";Positive;;;
"RT @geloraco: Sepakat Pembubaran FPI, Masinton: Negara Lindungi Masyarakat Dari Organisasi Yang Antidemokrasi
https://t.co/UEO2AHcsfR";Positive;;;
"RT @dimars525: #BasmiKelompokProTerorisme
Banyak pihak yang mendukung keputusan ini namun banyak juga yang mempertanyakan khususnya dari se…";Positive;;;
"RT @jitoe02: NasDem soal Pembubaran FPI: Ada Bukti Dukung ISIS

Lawan Hoax Neo FPI &amp; Kovid
#BasmiKelompokProTerorisme

https://t.co/DsiStd9…";Positive;;;
RT @demokrasiambyar: Stlh hiruk pikuk pembubaran   Ormas FPI berakhir dg SKB, yg sdikit byknya perhatian rakyat teralihkan dari pengusutan…;Negative;;;
"BEM UI Protes SKB Pembubaran FPI, FH: tak Usah Gusar, Mereka Tolak UU Cipta Kerja Negara Tetap Jalan
Lawan Hoax Neo… https://t.co/65RgebKUf4";Positive;;;
RT @Dennysiregar7: Mungkin adek2 BEM @univ_indonesia yg protes pembubaran FPI, masih pada korengan pantatnya dan ingusnya meler2 sambil ceb…;Positive;;;
"RT @geloraco: Bantah Bela FPI, BEM UI: Ini soal Landasan Pembubaran Ormas Tanpa Peradilan
https://t.co/lyI4vy6vIt";Negative;;;
"RT @geloraco: Bantah Bela FPI, BEM UI: Ini soal Landasan Pembubaran Ormas Tanpa Peradilan
https://t.co/lyI4vy6vIt";Negative;;;
RT @idtodayco: BEM UI Kecam Keras Pembubaran FPI dan Maklumat Kapolri, Ini Alasannya https://t.co/eFksfECQW0;Negative;;;
"RT @selfmirror_: 2. Pernyataan ini menanggapi adanya aksi deklarasi ormas Front Persatuan Islam (FPI).

Karo Penmas Divisi Humas Polri Brig…";Negative;;;
"RT @geloraco: Bantah Bela FPI, BEM UI: Ini soal Landasan Pembubaran Ormas Tanpa Peradilan
https://t.co/lyI4vy6vIt";Negative;;;
"RT @RETHA_Monicaa: Survei Charta Politica &amp; SMRC menunjukkan hasil bhw, masyarakat menjwb setuju dgn pembubaran FPI. 
FPI dinilai kerap mel…";Positive;;;
RT @demokrasiambyar: Stlh hiruk pikuk pembubaran   Ormas FPI berakhir dg SKB, yg sdikit byknya perhatian rakyat teralihkan dari pengusutan…;Negative;;;
RT @MCAOps: BEM UI mengecam pemberangusan demokrasi dan upaya pencederaian hak asasi manusia sebagai bagian dari prinsip-prinsip negara huk…;Negative;;;
RT @demokrasiambyar: Stlh hiruk pikuk pembubaran   Ormas FPI berakhir dg SKB, yg sdikit byknya perhatian rakyat teralihkan dari pengusutan…;Negative;;;
RT @muannas_alaidid: Keputusan pemerintah sudah pas soal pembubaran FPI sesuai dengan prinsip demokrasi dan konstitusional, ngapain ribut.…;Positive;;;
"RT @geloraco: Bantah Bela FPI, BEM UI: Ini soal Landasan Pembubaran Ormas Tanpa Peradilan
https://t.co/lyI4vy6vIt";Negative;;;
Keputusan pemerintah sudah pas soal pembubaran FPI sesuai dengan prinsip demokrasi dan konstitusional, ngapain ribu… https://t.co/N6EeqgepVp;Positive;;;
"Yang ANTI DEMOKRASI ngomongin DEMOKRASI???
Ga malu??? Di rezim junjunganmu inilah DEMOKRASI jadi MATI!!!
https://t.co/Yc4ziTUnRW";Negative;;;
RT @demokrasiambyar: Stlh hiruk pikuk pembubaran   Ormas FPI berakhir dg SKB, yg sdikit byknya perhatian rakyat teralihkan dari pengusutan…;Negative;;;
RT @Dennysiregar7: Mungkin adek2 BEM @univ_indonesia yg protes pembubaran FPI, masih pada korengan pantatnya dan ingusnya meler2 sambil ceb…;Positive;;;
RT @NatasyaCaca17: sebaiknya perdebatan terkait legal atau tidaknya pembubaran ini disudahi, karena keputusan pemerintah tentunya sudah mel…;Positive;;;
RT @NatasyaCaca17: Pembubaran FPI ini sudah sangat komprehensif, jadi marilah kita akhiri perdebatan tentang dasar hukum, aturan, metode da…;Positive;;;
"RT @geloraco: Sepakat Pembubaran FPI, Masinton: Negara Lindungi Masyarakat Dari Organisasi Yang Antidemokrasi
https://t.co/UEO2AHcsfR";Positive;;;
"RT @RETHA_Monicaa: Survei Charta Politica &amp; SMRC menunjukkan hasil bhw, masyarakat menjwb setuju dgn pembubaran FPI. 
FPI dinilai kerap mel…";Positive;;;
RT @MCAOps: BEM UI mengecam pemberangusan demokrasi dan upaya pencederaian hak asasi manusia sebagai bagian dari prinsip-prinsip negara huk…;Negative;;;
RT @demokrasiambyar: Stlh hiruk pikuk pembubaran   Ormas FPI berakhir dg SKB, yg sdikit byknya perhatian rakyat teralihkan dari pengusutan…;Negative;;;
RT @Dennysiregar7: Mungkin adek2 BEM @univ_indonesia yg protes pembubaran FPI, masih pada korengan pantatnya dan ingusnya meler2 sambil ceb…;Positive;;;
"RT @conan_idn: Kalau kapasitas otak gak peduli bahkan gak paham demokrasi, ya pasti kalian @BEMUI_Official akan dituduh macam2.
Ya sudahlah…";Positive;;;
"RT @RETHA_Monicaa: Survei Charta Politica &amp; SMRC menunjukkan hasil bhw, masyarakat menjwb setuju dgn pembubaran FPI. 
FPI dinilai kerap mel…";Positive;;;
"RT @geloraco: Bantah Bela FPI, BEM UI: Ini soal Landasan Pembubaran Ormas Tanpa Peradilan
https://t.co/lyI4vy6vIt";Negative;;;
"RT @geloraco: Bantah Bela FPI, BEM UI: Ini soal Landasan Pembubaran Ormas Tanpa Peradilan
https://t.co/lyI4vy6vIt";Negative;;;
RT @demokrasiambyar: Stlh hiruk pikuk pembubaran   Ormas FPI berakhir dg SKB, yg sdikit byknya perhatian rakyat teralihkan dari pengusutan…;Negative;;;
RT @MCAOps: BEM UI mengecam pemberangusan demokrasi dan upaya pencederaian hak asasi manusia sebagai bagian dari prinsip-prinsip negara huk…;Negative;;;
RT @demokrasiambyar: Stlh hiruk pikuk pembubaran   Ormas FPI berakhir dg SKB, yg sdikit byknya perhatian rakyat teralihkan dari pengusutan…;Negative;;;
"RT @SirianaGde: Bubarin FPI blunder besar Jokowi
https://t.co/OjAhhhQmu9";Negative;;;
Sahroni Minta Perdebatan soal Pembubaran FPI Diakhiri https://t.co/8jhlHz9gqi;Positive;;;
RT @MCAOps: BEM UI mengecam pemberangusan demokrasi dan upaya pencederaian hak asasi manusia sebagai bagian dari prinsip-prinsip negara huk…;Negative;;;
"RT @geloraco: Bantah Bela FPI, BEM UI: Ini soal Landasan Pembubaran Ormas Tanpa Peradilan
https://t.co/lyI4vy6vIt";Negative;;;
RT @demokrasiambyar: Stlh hiruk pikuk pembubaran   Ormas FPI berakhir dg SKB, yg sdikit byknya perhatian rakyat teralihkan dari pengusutan…;Negative;;;
"RT @geloraco: Bantah Bela FPI, BEM UI: Ini soal Landasan Pembubaran Ormas Tanpa Peradilan
https://t.co/lyI4vy6vIt";Negative;;;
"RT @Resty23189880: BEM UI: Cabut SKB Pembubaran FPI Dan Maklumat Polri Yang Melarang Konten FPI!

https://t.co/R46zYcwwa6 https://t.co/e9A1…";Negative;;;
"RT @DSutiyanti: Survei Membuktikan, Publik Puas Terhadap Jokowi Serta Lega HRS Ditangkap Diiringi Pembubaran FPI

Puas banget, lihat fadliz…";Positive;;;
"RT @jitoe02: NasDem soal Pembubaran FPI: Ada Bukti Dukung ISIS

Lawan Hoax Neo FPI &amp; Kovid
#BasmiKelompokProTerorisme

https://t.co/DsiStd9…";Negative;;;
"RT @m1n4_95: Klarifikasi Forkabi Kalideres Atas Spanduk Dukungan Bubarnya FPI

Jika ada dan banyak spanduk terpasang berbunyi mendukung pem…";Positive;;;
RT @idtodayco: BEM UI Kecam Keras Pembubaran FPI dan Maklumat Kapolri, Ini Alasannya https://t.co/eFksfECQW0;Negative;;;
"RT @DSutiyanti: Survei Membuktikan, Publik Puas Terhadap Jokowi Serta Lega HRS Ditangkap Diiringi Pembubaran FPI

Puas banget, lihat fadliz…";Positive;;;
RT @demokrasiambyar: Stlh hiruk pikuk pembubaran   Ormas FPI berakhir dg SKB, yg sdikit byknya perhatian rakyat teralihkan dari pengusutan…;Negative;;;
RT @demokrasiambyar: Stlh hiruk pikuk pembubaran   Ormas FPI berakhir dg SKB, yg sdikit byknya perhatian rakyat teralihkan dari pengusutan…;Negative;;;
"RT @barep05: Siapa dulu... Presidenkuh <U+0001F44D><U+0001F44D>
Berangus Ulama intoleran dan radikal.
#FPIEmbrioHTI
#NowOrNeverSikatFPI 
#BravoTNIPolriRakyat 
Su…";Positive;;;
RT @Dennysiregar7: Mungkin adek2 BEM @univ_indonesia yg protes pembubaran FPI, masih pada korengan pantatnya dan ingusnya meler2 sambil ceb…;Positive;;;
"RT @OvanGhozali: Pancasila dihadapkan dlm pembubaran HTI &amp; FPI.

Menunggu Pancasila dihadapkan pada:
- Polugri AS &amp; China
- Para Kapitalis/…";Positive;;;
RT @seruanhl: Pembubaran efpei merupakan upaya penegakan hukum terhadap ormas yang bertentangan dengan ideologi dan persatuan bangsa ini, b…;Positive;;;
RT @seruanhl: Pembubaran efpei merupakan upaya penegakan hukum terhadap ormas yang bertentangan dengan ideologi dan persatuan bangsa ini, b…;Positive;;;
"RT @geloraco: Bantah Bela FPI, BEM UI: Ini soal Landasan Pembubaran Ormas Tanpa Peradilan
https://t.co/lyI4vy6vIt";Negative;;;
"#BasmiKelompokProTerorisme
Ferdinand Hutahaean menyebut agar tidak gusar dengan penolakan BEM UI atas SKB pembubara… https://t.co/n25Qyt6Ul2";Negative;;;
"#BasmiKelompokProTerorisme
Sahroni Minta Perdebatan soal Pembubaran FPI Diakhiri
https://t.co/PdGgJuezLl";Positive;;;
"RT @RETHA_Monicaa: FPI dibubarkan karena sering melanggar hukum. 

Pembubaran FPI bukan berarti pemerintah anti Islam, masih banyak organis…";Positive;;;
RT @demokrasiambyar: Stlh hiruk pikuk pembubaran   Ormas FPI berakhir dg SKB, yg sdikit byknya perhatian rakyat teralihkan dari pengusutan…;Negative;;;
RT @LisaAmartatara3: Kmrn dikirimi link dari @Mr_cosanostra ttg pembubaran FPI, gak percaya,tp memang mgk sdh TAKDIR nya bhw Front Pembela…;Positive;;;
"#BasmiKelompokProTerorisme
SKB tersebut tidak membubarkan organisasi seperti halnya pembubaran HTI, namun secara su… https://t.co/F7gJKGVR2I";Positive;;;
RT @demokrasiambyar: Stlh hiruk pikuk pembubaran   Ormas FPI berakhir dg SKB, yg sdikit byknya perhatian rakyat teralihkan dari pengusutan…;Negative;;;
"RT @jitoe02: Pakar Kaitkan Pembubaran FPI dengan Kalahnya Ahok di Pilkada, Ferdinand: Dagelan, tak Layak Didengar

Lawan Hoax Neo FPI &amp; Kov…";Positive;;;
"Sumber : https://t.co/175SB2YskB

https://t.co/Ufde7xiRXs

https://t.co/aKmzRtzELD https://t.co/0dIcQHVrT7";Negative;;;
RT @Markonah76: Karo Penmas Divisi Humas Polri Brigjen Rusdi Hartono mengatakan, polri akan melakukan pembubaran jika ormas fpi yg baru itu…;Positive;;;
RT @demokrasiambyar: Stlh hiruk pikuk pembubaran   Ormas FPI berakhir dg SKB, yg sdikit byknya perhatian rakyat teralihkan dari pengusutan…;Negative;;;
RT @HisyamMochtar: Jika pembubaran FPI karena dituduh anggotanya ada yang terlibat terorisme. Apa salahnya bubarkan PDIP karena banyak kade…;Negative;;;
RT @Dennysiregar7: Mungkin adek2 BEM @univ_indonesia yg protes pembubaran FPI, masih pada korengan pantatnya dan ingusnya meler2 sambil ceb…;Positive;;;
RT @Dennysiregar7: Mungkin adek2 BEM @univ_indonesia yg protes pembubaran FPI, masih pada korengan pantatnya dan ingusnya meler2 sambil ceb…;Positive;;;
"RT @conan_idn: Kalau kapasitas otak gak peduli bahkan gak paham demokrasi, ya pasti kalian @BEMUI_Official akan dituduh macam2.
Ya sudahlah…";Positive;;;
"RT @RETHA_Monicaa: Survei Charta Politica &amp; SMRC menunjukkan hasil bhw, masyarakat menjwb setuju dgn pembubaran FPI. 
FPI dinilai kerap mel…";Positive;;;
@ndruwo_ Rakyat waras 100% puas dgn pembubaran FPI. Bravo Pak Jokowi beserta jajarannya<U+0001F60A>;Positive;;;
RT @Dennysiregar7: Mungkin adek2 BEM @univ_indonesia yg protes pembubaran FPI, masih pada korengan pantatnya dan ingusnya meler2 sambil ceb…;Negative;;;
"RT @conan_idn: Kalau kapasitas otak gak peduli bahkan gak paham demokrasi, ya pasti kalian @BEMUI_Official akan dituduh macam2.
Ya sudahlah…";Negative;;;
"#BasmiKelompokProTerorisme
NasDem soal Pembubaran FPI: Ada Bukti Dukung ISIS
https://t.co/DHBDgdz14j";Positive;;;
"RT @conan_idn: Kalau kapasitas otak gak peduli bahkan gak paham demokrasi, ya pasti kalian @BEMUI_Official akan dituduh macam2.
Ya sudahlah…";Positive;;;
"#BasmiKelompokProTerorisme
ha? gimana gimana?
https://t.co/HReaDqQPts";Positive;;;
RT @demokrasiambyar: Stlh hiruk pikuk pembubaran   Ormas FPI berakhir dg SKB, yg sdikit byknya perhatian rakyat teralihkan dari pengusutan…;Negative;;;
Namun karena mereka ngotot untuk sweeping, masyarakat makin antipati terhadap Ormas tersebut. Pembubaran FPI sudah… https://t.co/B4WIqqt9sO;Positive;;;
Pembubaran FPI dilakukan pemerintah setelah keluarnya SKB Kementrian dan Lembaga, berdasarkan ketentuan peraturan p… https://t.co/X8bEusSUbL;Positive;;;
Pembubaran FPI membuat mereka emosi dan menuduh pemerintah anti islam. Namun serangan ini ditangkis oleh ketua PBNU… https://t.co/6K3eSORv9A;Positive;;;
"Pembubaran FPI Bukan Berarti Anti Islam

utas 

Oleh : Firza Ahmad https://t.co/JT9b4GV5un";Positive;;;
RT @HisyamMochtar: Jika pembubaran FPI karena dituduh anggotanya ada yang terlibat terorisme. Apa salahnya bubarkan PDIP karena banyak kade…;Negative;;;
"#BasmiKelompokProTerorisme
Kritik Pembubaran FPI, TenggelamkanDemokrat Jadi Trending Topic
https://t.co/JHoBH4KwlU";Positive;;;
RT @seruanhl: Pembubaran efpei merupakan upaya penegakan hukum terhadap ormas yang bertentangan dengan ideologi dan persatuan bangsa ini, b…;Positive;;;
"RT @tnmuda: Ini anak UI ngerti gak sih kalo dulu angkatan 98 malah dibenturin dgn PAM Swakarsa yg sekarang jadi FPI? 

Mereka (PAM Swakarsa…";Negative;;;
RT @Markonah76: Karo Penmas Divisi Humas Polri Brigjen Rusdi Hartono mengatakan, polri akan melakukan pembubaran jika ormas fpi yg baru itu…;Positive;;;
"RT @jitoe02: Pakar Kaitkan Pembubaran FPI dengan Kalahnya Ahok di Pilkada, Ferdinand: Dagelan, tak Layak Didengar

Lawan Hoax Neo FPI &amp; Kov…";Positive;;;
Stlh hiruk pikuk pembubaran   Ormas FPI berakhir dg SKB, yg sdikit byknya perhatian rakyat teralihkan dari pengusut… https://t.co/BUZnR7mGSS;Negative;;;
RT @siregar0308: Dia juga menduga pembubaran FPI ada kaitannya dengan kekalahan Basuki Tjahaja Purnama alias Ahok dalam Pilkada DKI Jakarta…;Negative;;;
"RT @RETHA_Monicaa: Berikut adlh hasil survei Charta Politica tentang pandangan masyarakat terhadap pembubaran FPI. 

Sebanyak 80,1persen se…";Positive;;;
"RT @RETHA_Monicaa: Survei Charta Politica &amp; SMRC menunjukkan hasil bhw, masyarakat menjwb setuju dgn pembubaran FPI. 
FPI dinilai kerap mel…";Positive;;;
"RT @RETHA_Monicaa: Survei Charta Politica &amp; SMRC menunjukkan hasil bhw, masyarakat menjwb setuju dgn pembubaran FPI. 
FPI dinilai kerap mel…";Positive;;;
RT @Dennysiregar7: Mungkin adek2 BEM @univ_indonesia yg protes pembubaran FPI, masih pada korengan pantatnya dan ingusnya meler2 sambil ceb…;Negative;;;
RT @Markonah76: Karo Penmas Divisi Humas Polri Brigjen Rusdi Hartono mengatakan, polri akan melakukan pembubaran jika ormas fpi yg baru itu…;Positive;;;
"#BasmiKelompokProTerorisme
Banyak pihak yang mendukung keputusan ini namun banyak juga yang mempertanyakan khususny… https://t.co/QfysN0B1a2";Positive;;;
RT @Dennysiregar7: Mungkin adek2 BEM @univ_indonesia yg protes pembubaran FPI, masih pada korengan pantatnya dan ingusnya meler2 sambil ceb…;Positive;;;
"RT @RETHA_Monicaa: Survei Charta Politica &amp; SMRC menunjukkan hasil bhw, masyarakat menjwb setuju dgn pembubaran FPI. 
FPI dinilai kerap mel…";Positive;;;
"RT @RETHA_Monicaa: Survei Charta Politica &amp; SMRC menunjukkan hasil bhw, masyarakat menjwb setuju dgn pembubaran FPI. 
FPI dinilai kerap mel…";Positive;;;
"RT @RETHA_Monicaa: Survei Charta Politica &amp; SMRC menunjukkan hasil bhw, masyarakat menjwb setuju dgn pembubaran FPI. 
FPI dinilai kerap mel…";Positive;;;
"RT @RETHA_Monicaa: Survei Charta Politica &amp; SMRC menunjukkan hasil bhw, masyarakat menjwb setuju dgn pembubaran FPI. 
FPI dinilai kerap mel…";Positive;;;
"RT @SlawiAyu_: Bangsa ini dah sepakat dan meyakini akan berlaku nya UU beserta perangkat hukumnya jauh sebelum anda di lahirkan     
Lawan…";Positive;;;
"RT @RETHA_Monicaa: Survei Charta Politica &amp; SMRC menunjukkan hasil bhw, masyarakat menjwb setuju dgn pembubaran FPI. 
FPI dinilai kerap mel…";Positive;;;
"RT @RETHA_Monicaa: Survei Charta Politica &amp; SMRC menunjukkan hasil bhw, masyarakat menjwb setuju dgn pembubaran FPI. 
FPI dinilai kerap mel…";Positive;;;
"RT @RETHA_Monicaa: Survei Charta Politica &amp; SMRC menunjukkan hasil bhw, masyarakat menjwb setuju dgn pembubaran FPI. 
FPI dinilai kerap mel…";Positive;;;
"RT @RETHA_Monicaa: Survei Charta Politica &amp; SMRC menunjukkan hasil bhw, masyarakat menjwb setuju dgn pembubaran FPI. 
FPI dinilai kerap mel…";Positive;;;
"RT @Widyarenee: Ciseeng, Jawa Barat...
Mendukung Pembubaran FPI ya, Ustad. Semoga anggota FPI belajar agama lagi deh di masjid2 yg adem Ula…";Positive;;;
"RT @geloraco: Bantah Bela FPI, BEM UI: Ini soal Landasan Pembubaran Ormas Tanpa Peradilan
https://t.co/lyI4vy6vIt";Negative;;;
"RT @conan_idn: Kalau kapasitas otak gak peduli bahkan gak paham demokrasi, ya pasti kalian @BEMUI_Official akan dituduh macam2.
Ya sudahlah…";Negative;;;
NU dukung keputusan pemerintah terkait pembubaran FPI. Harus tindak tegas segala ormas yg bermasalah, jangan pandan… https://t.co/cdRvblowet;Positive;;;
RT @seruanhl: Pembubaran efpei merupakan upaya penegakan hukum terhadap ormas yang bertentangan dengan ideologi dan persatuan bangsa ini, b…;Positive;;;
"Survei Charta Politica &amp; SMRC menunjukkan hasil bhw, masyarakat menjwb setuju dgn pembubaran FPI. 
FPI dinilai kera… https://t.co/olEDYarNnD";Positive;;;
RT @MCAOps: BEM UI mengecam pemberangusan demokrasi dan upaya pencederaian hak asasi manusia sebagai bagian dari prinsip-prinsip negara huk…;Negative;;;
"RT @Resty23189880: BEM UI: Cabut SKB Pembubaran FPI Dan Maklumat Polri Yang Melarang Konten FPI!

https://t.co/R46zYcwwa6 https://t.co/e9A1…";Negative;;;
"RT @AirinAirin_NZ: Saya Pikir mereka² yg masuk di UI itu adalah org² cerdas..
Ternyata gak semua..!!
.
.
https://t.co/4Svz1RteSm";Positive;;;
"RT @jitoe02: Pakar Kaitkan Pembubaran FPI dengan Kalahnya Ahok di Pilkada, Ferdinand: Dagelan, tak Layak Didengar

Lawan Hoax Neo FPI &amp; Kov…";Positive;;;
"RT @jitoe02: Alasan pembubaran FPI,
AD/ART nya tidak mencantumkan Pancasila,
Anggotanya banyak yg jadi teroris,
Rizieq provokasi dg penggal…";Positive;;;
"RT @OvanGhozali: Pancasila dihadapkan dlm pembubaran HTI &amp; FPI.

Menunggu Pancasila dihadapkan pada:
- Polugri AS &amp; China
- Para Kapitalis/…";Positive;;;
RT @Dennysiregar7: Mungkin adek2 BEM @univ_indonesia yg protes pembubaran FPI, masih pada korengan pantatnya dan ingusnya meler2 sambil ceb…;Positive;;;
RT @Dennysiregar7: Mungkin adek2 BEM @univ_indonesia yg protes pembubaran FPI, masih pada korengan pantatnya dan ingusnya meler2 sambil ceb…;Positive;;;
"Isis didukung FPI, dan FPi didukung om @fadlizon ...maka kesimpulannya....<U+0001F923>
https://t.co/5z6IUEr2zL";Positive;;;
"RT @geloraco: Bantah Bela FPI, BEM UI: Ini soal Landasan Pembubaran Ormas Tanpa Peradilan
https://t.co/lyI4vy6vIt";Negative;;;
RT @Markonah76: Karo Penmas Divisi Humas Polri Brigjen Rusdi Hartono mengatakan, polri akan melakukan pembubaran jika ormas fpi yg baru itu…;Positive;;;
Hasil survei menunjukan mayoritas responden 91,4% merasa lega setelah HRS ditangkap dan FPI dibubarkan. https://t.co/DoEx0uhdJq;Positive;;;
"RT @Widyarenee: Ciseeng, Jawa Barat...
Mendukung Pembubaran FPI ya, Ustad. Semoga anggota FPI belajar agama lagi deh di masjid2 yg adem Ula…";Positive;;;
RT @seruanhl: Pembubaran efpei merupakan upaya penegakan hukum terhadap ormas yang bertentangan dengan ideologi dan persatuan bangsa ini, b…;Positive;;;
RT @seruanhl: Pembubaran efpei merupakan upaya penegakan hukum terhadap ormas yang bertentangan dengan ideologi dan persatuan bangsa ini, b…;Positive;;;
"RT @OvanGhozali: Pancasila dihadapkan dlm pembubaran HTI &amp; FPI.

Menunggu Pancasila dihadapkan pada:
- Polugri AS &amp; China
- Para Kapitalis/…";Positive;;;
"RT @RETHA_Monicaa: Berikut adlh hasil survei Charta Politica tentang pandangan masyarakat terhadap pembubaran FPI. 

Sebanyak 80,1persen se…";Positive;;;
"RT @MrsRachelIn: Katanya Intelektual, selain protes Pembubaran fpi, pernah ga bem ui membri nasihat pd fpi agar tdk melanggar konstitusi<U+2753>
L…";Negative;;;
"RT @conan_idn: Kalau kapasitas otak gak peduli bahkan gak paham demokrasi, ya pasti kalian @BEMUI_Official akan dituduh macam2.
Ya sudahlah…";Negative;;;
Pembubaran FPI sudah tepat karena pemerintah mengacu berdasarkan uu dan juga keputusan tentang pembubaran FPI didas… https://t.co/UTbZpWeweC;Positive;;;
"Ciseeng, Jawa Barat...
Mendukung Pembubaran FPI ya, Ustad. Semoga anggota FPI belajar agama lagi deh di masjid2 yg… https://t.co/AUxesXXdTC";Positive;;;
"RT @selfmirror_: 2. Pernyataan ini menanggapi adanya aksi deklarasi ormas Front Persatuan Islam (FPI).

Karo Penmas Divisi Humas Polri Brig…";Positive;;;
"Kalau kapasitas otak gak peduli bahkan gak paham demokrasi, ya pasti kalian @BEMUI_Official akan dituduh macam2.
Ya… https://t.co/b2jebYlqIM";Positive;;;
Pembubaran FPI oleh pemerintah masih menjadi kontroversi di kalangan masyarakat dan praktisi. Segala bentuk kegiata… https://t.co/8Hp0MMlqFp;Positive;;;
"https://t.co/JRaAjJwmm6

Lawan Hoax Neo FPI &amp; Kovid
#BasmiKelompokProTerorisme";Negative;;;
RT @Markonah76: Wakil Ketua Komisi III DPR RI dari Fraksi Partai NasDem Ahmad Sahroni menyatakan langkah pemerintah membubarkan dan menetap…;Positive;;;
RT @idtodayco: BEM UI Kecam Keras Pembubaran FPI dan Maklumat Kapolri, Ini Alasannya https://t.co/eFksfECQW0;Positive;;;
"RT @RETHA_Monicaa: Berikut adlh hasil survei Charta Politica tentang pandangan masyarakat terhadap pembubaran FPI. 

Sebanyak 80,1persen se…";Negative;;;
"RT @RETHA_Monicaa: Berikut adlh hasil survei Charta Politica tentang pandangan masyarakat terhadap pembubaran FPI. 

Sebanyak 80,1persen se…";Positive;;;
"RT @RETHA_Monicaa: Berikut adlh hasil survei Charta Politica tentang pandangan masyarakat terhadap pembubaran FPI. 

Sebanyak 80,1persen se…";Positive;;;
RT @seruanhl: Eks Juru Bicara Jokowi-Maruf Amin Dedek Prayudi alias Dedek Uki membongkar borok efpei hingga dibubarkan. Dia mengomentari pe…;Positive;;;
"RT @RETHA_Monicaa: Berikut adlh hasil survei Charta Politica tentang pandangan masyarakat terhadap pembubaran FPI. 

Sebanyak 80,1persen se…";Positive;;;
"RT @seruanhl: Keputusan pemerintah membubarkan Front Pembela Islam (efpei) dan melarang berbagai kegiatan efpei masih menuai prokontra.

La…";Positive;;;
"RT @geloraco: Bantah Bela FPI, BEM UI: Ini soal Landasan Pembubaran Ormas Tanpa Peradilan
https://t.co/lyI4vy6vIt";Positive;;;
"RT @denni_sauya: Perdebatan soal Pembubaran FPI Diakhiri..

Dari fakta-fakta di lapangan, sudah sewajarnya FPI dibubarkan. Banyak kegiatann…";Positive;;;
"RT @RETHA_Monicaa: Berikut adlh hasil survei Charta Politica tentang pandangan masyarakat terhadap pembubaran FPI. 

Sebanyak 80,1persen se…";Positive;;;
"RT @RETHA_Monicaa: Berikut adlh hasil survei Charta Politica tentang pandangan masyarakat terhadap pembubaran FPI. 

Sebanyak 80,1persen se…";Positive;;;
"RT @jitoe02: Sahroni Minta Perdebatan soal Pembubaran FPI Diakhiri

Lawan Hoax Neo FPI &amp; Kovid
#BasmiKelompokProTerorisme
 https://t.co/cl1…";Positive;;;
"RT @RETHA_Monicaa: Berikut adlh hasil survei Charta Politica tentang pandangan masyarakat terhadap pembubaran FPI. 

Sebanyak 80,1persen se…";Positive;;;
RT @seruanhl: Wakil Ketua Komisi III DPR RI dari Fraksi Partai NasDem Ahmad Sahroni menyatakan langkah pemerintah membubarkan dan menetapka…;Positive;;;
"RT @OvanGhozali: Pancasila dihadapkan dlm pembubaran HTI &amp; FPI.

Menunggu Pancasila dihadapkan pada:
- Polugri AS &amp; China
- Para Kapitalis/…";Positive;;;
"RT @RETHA_Monicaa: Berikut adlh hasil survei Charta Politica tentang pandangan masyarakat terhadap pembubaran FPI. 

Sebanyak 80,1persen se…";Positive;;;
RT @Dennysiregar7: Mungkin adek2 BEM @univ_indonesia yg protes pembubaran FPI, masih pada korengan pantatnya dan ingusnya meler2 sambil ceb…;Positive;;;
"RT @geloraco: Sepakat Pembubaran FPI, Masinton: Negara Lindungi Masyarakat Dari Organisasi Yang Antidemokrasi
https://t.co/UEO2AHcsfR";Positive;;;
"RT @RETHA_Monicaa: Berikut adlh hasil survei Charta Politica tentang pandangan masyarakat terhadap pembubaran FPI. 

Sebanyak 80,1persen se…";Positive;;;
"RT @RETHA_Monicaa: Berikut adlh hasil survei Charta Politica tentang pandangan masyarakat terhadap pembubaran FPI. 

Sebanyak 80,1persen se…";Positive;;;
RT @Markonah76: Wakil Ketua Komisi III DPR RI dari Fraksi Partai NasDem Ahmad Sahroni menyatakan langkah pemerintah membubarkan dan menetap…;Positive;;;
RT @Dennysiregar7: Mungkin adek2 BEM @univ_indonesia yg protes pembubaran FPI, masih pada korengan pantatnya dan ingusnya meler2 sambil ceb…;Positive;;;
"RT @seruanhl: ""Pembubaran efpei ini sudah sangat komprehensif, jadi marilah kita akhiri perdebatan tentang dasar hukum, karena langkah peme…";Positive;;;
RT @seruanhl: Menanggapi prokontra ini, Wakil Ketua Komisi III DPR Ahmad Sahroni menyarankan sebaiknya perdebatan terkait legal atau tidakn…;Positive;;;
RT @seruanhl: Banyak pihak yang mendukung keputusan ini, namun banyak juga yang mempertanyakan, khususnya dari segi legalitas pembubaran.…;Positive;;;
"RT @seruanhl: Keputusan pemerintah membubarkan Front Pembela Islam (efpei) dan melarang berbagai kegiatan efpei masih menuai prokontra.

La…";Positive;;;
"RT @eko_kuntadhi: Susah sekali kita membedakan mana suara BEM UI, mana suara PKS. Selalu senada... 

https://t.co/Kd2wBhDS9F";Positive;;;
RT @idtodayco: BEM UI Kecam Keras Pembubaran FPI dan Maklumat Kapolri, Ini Alasannya https://t.co/eFksfECQW0;Positive;;;
"RT @RETHA_Monicaa: Berikut adlh hasil survei Charta Politica tentang pandangan masyarakat terhadap pembubaran FPI. 

Sebanyak 80,1persen se…";Positive;;;
RT @seruanhl: Eks Juru Bicara Jokowi-Maruf Amin Dedek Prayudi alias Dedek Uki membongkar borok efpei hingga dibubarkan. Dia mengomentari pe…;Positive;;;
"RT @seruanhl: Keputusan pemerintah membubarkan Front Pembela Islam (efpei) dan melarang berbagai kegiatan efpei masih menuai prokontra.

La…";Positive;;;
"RT @RETHA_Monicaa: Berikut adlh hasil survei Charta Politica tentang pandangan masyarakat terhadap pembubaran FPI. 

Sebanyak 80,1persen se…";Positive;;;
RT @Markonah76: Karo Penmas Divisi Humas Polri Brigjen Rusdi Hartono mengatakan, polri akan melakukan pembubaran jika ormas fpi yg baru itu…;Positive;;;
"RT @SirianaGde: Bubarin FPI blunder besar Jokowi
https://t.co/OjAhhhQmu9";Positive;;;
"RT @RETHA_Monicaa: Berikut adlh hasil survei Charta Politica tentang pandangan masyarakat terhadap pembubaran FPI. 

Sebanyak 80,1persen se…";Positive;;;
RT @Markonah76: Karo Penmas Divisi Humas Polri Brigjen Rusdi Hartono mengatakan, polri akan melakukan pembubaran jika ormas fpi yg baru itu…;Positive;;;
"RT @RETHA_Monicaa: Berikut adlh hasil survei Charta Politica tentang pandangan masyarakat terhadap pembubaran FPI. 

Sebanyak 80,1persen se…";Positive;;;
"RT @Markonah76: Fpi dah hilang gak perlu dibahas,
Kalau mau bahas fpi yang baru dimunculkan harus dibubarkan lagi.

Lawan Hoax Neo FPI &amp; Ko…";Negative;;;
RT @seruanhl: Wakil Ketua Komisi III DPR RI dari Fraksi Partai NasDem Ahmad Sahroni menyatakan langkah pemerintah membubarkan dan menetapka…;Positive;;;
RT @seruanhl: Pembubaran efpei merupakan upaya penegakan hukum terhadap ormas yang bertentangan dengan ideologi dan persatuan bangsa ini, b…;Positive;;;
"RT @RETHA_Monicaa: Berikut adlh hasil survei Charta Politica tentang pandangan masyarakat terhadap pembubaran FPI. 

Sebanyak 80,1persen se…";Positive;;;
"RT @RETHA_Monicaa: Berikut adlh hasil survei Charta Politica tentang pandangan masyarakat terhadap pembubaran FPI. 

Sebanyak 80,1persen se…";Negative;;;
"Ada bukti 

Lawan Hoax Neo FPI &amp; Kovid
#BasmiKelompokProTerorisme 
https://t.co/Ppa0pPp6Fy";Positive;;;
"RT @RETHA_Monicaa: Berikut adlh hasil survei Charta Politica tentang pandangan masyarakat terhadap pembubaran FPI. 

Sebanyak 80,1persen se…";Positive;;;
"FPI emang udeh sepantesnye dibubarin karne FPI anti Pancisila dan anti Kebhinnekaan. 
#FpiOrmasIntoleran
https://t.co/RAqVOT9IM5";Positive;;;
"RT @geloraco: Bantah Bela FPI, BEM UI: Ini soal Landasan Pembubaran Ormas Tanpa Peradilan
https://t.co/lyI4vy6vIt";Positive;;;
"RT @RETHA_Monicaa: FPI dibubarkan karena sering melanggar hukum. 

Pembubaran FPI bukan berarti pemerintah anti Islam, masih banyak organis…";Positive;;;
"RT @RETHA_Monicaa: Berikut adlh hasil survei Charta Politica tentang pandangan masyarakat terhadap pembubaran FPI. 

Sebanyak 80,1persen se…";Positive;;;
"Berikut adlh hasil survei Charta Politica tentang pandangan masyarakat terhadap pembubaran FPI. 

Sebanyak 80,1pers… https://t.co/v6oXWAiYBl";Positive;;;
"RT @MCAOps: BEM UI: ""Mendesak negara untuk mencabut SKB tentang Larangan Kegiatan,  Penggunaan Simbol dan Atribut serta Penghentian Kegiata…";Positive;;;
Tuh Ulama yg lain aja dukung Pembubaran FPI  #KadrunMunafikFPI #kadrunindukmasalah #FPI #fpiormasradikalislam… https://t.co/LBxWtWanAM;Positive;;;
"RT @geloraco: Bantah Bela FPI, BEM UI: Ini soal Landasan Pembubaran Ormas Tanpa Peradilan
https://t.co/lyI4vy6vIt";Positive;;;
"Sepakat Pembubaran FPI, Masinton: Negara Lindungi Masyarakat Dari Organisasi Yang Antidemokrasi
https://t.co/dQrczYTTNs";Positive;;;
RT @HisyamMochtar: Jika pembubaran FPI karena dituduh anggotanya ada yang terlibat terorisme. Apa salahnya bubarkan PDIP karena banyak kade…;Positive;;;
RT @MCAOps: BEM UI mengecam pemberangusan demokrasi dan upaya pencederaian hak asasi manusia sebagai bagian dari prinsip-prinsip negara huk…;Positive;;;
"Sahroni Minta Perdebatan soal Pembubaran FPI Diakhiri
Lawan Hoax Neo FPI &amp; Kovid #BasmiKelompokProTerorisme
https://t.co/BMSa6z29ld";Positive;;;
"RT @geloraco: Bantah Bela FPI, BEM UI: Ini soal Landasan Pembubaran Ormas Tanpa Peradilan
https://t.co/lyI4vy6vIt";Positive;;;
RT @Markonah76: Wakil Ketua Komisi III DPR RI dari Fraksi Partai NasDem Ahmad Sahroni menyatakan langkah pemerintah membubarkan dan menetap…;Positive;;;
RT @seruanhl: Wakil Ketua Komisi III DPR RI dari Fraksi Partai NasDem Ahmad Sahroni menyatakan langkah pemerintah membubarkan dan menetapka…;Positive;;;
RT @RoulinaDamanik: Dukungan pembubaran ormas FPI dari berbagai kalangan menunjukkan ormas FPI sejak dulu sudah sangat meresahkan masyaraka…;Positive;;;
"RT @denni_sauya: 5. Pembubaran Epe'i murni karena hukum, dalam AD/ART mereka pun tidak mencantumkan azas Pancasila.

Lawan Hoax Neo FPI &amp; K…";Positive;;;
RT @seruanhl: Pembubaran efpei merupakan upaya penegakan hukum terhadap ormas yang bertentangan dengan ideologi dan persatuan bangsa ini, b…;Positive;;;
RT @idtodayco: BEM UI Kecam Keras Pembubaran FPI dan Maklumat Kapolri, Ini Alasannya https://t.co/eFksfECQW0;Positive;;;
"RT @seruanhl: ""Pembubaran efpei ini sudah sangat komprehensif, jadi marilah kita akhiri perdebatan tentang dasar hukum, karena langkah peme…";Positive;;;
RT @seruanhl: Menanggapi prokontra ini, Wakil Ketua Komisi III DPR Ahmad Sahroni menyarankan sebaiknya perdebatan terkait legal atau tidakn…;Positive;;;
RT @seruanhl: Banyak pihak yang mendukung keputusan ini, namun banyak juga yang mempertanyakan, khususnya dari segi legalitas pembubaran.…;Positive;;;
"RT @seruanhl: Keputusan pemerintah membubarkan Front Pembela Islam (efpei) dan melarang berbagai kegiatan efpei masih menuai prokontra.

La…";Negative;;;
RT @seruanhl: Pembubaran efpei merupakan upaya penegakan hukum terhadap ormas yang bertentangan dengan ideologi dan persatuan bangsa ini, b…;Positive;;;
RT @Dennysiregar7: Mungkin adek2 BEM @univ_indonesia yg protes pembubaran FPI, masih pada korengan pantatnya dan ingusnya meler2 sambil ceb…;Positive;;;
RT @Markonah76: Karo Penmas Divisi Humas Polri Brigjen Rusdi Hartono mengatakan, polri akan melakukan pembubaran jika ormas fpi yg baru itu…;Positive;;;
RT @seruanhl: Eks Juru Bicara Jokowi-Maruf Amin Dedek Prayudi alias Dedek Uki membongkar borok efpei hingga dibubarkan. Dia mengomentari pe…;Positive;;;
RT @Markonah76: Karo Penmas Divisi Humas Polri Brigjen Rusdi Hartono mengatakan, polri akan melakukan pembubaran jika ormas fpi yg baru itu…;Positive;;;
"RT @denni_sauya: Perdebatan soal Pembubaran FPI Diakhiri..

Dari fakta-fakta di lapangan, sudah sewajarnya FPI dibubarkan. Banyak kegiatann…";Positive;;;
"Yang ada kalian yang membubarkan semena2 tanpa pengadilan anti demokrasi. Jangan terbalik otak mu dong.
*****
Sepak… https://t.co/AWI0ZHDzq0";Positive;;;
RT @Dennysiregar7: Mungkin adek2 BEM @univ_indonesia yg protes pembubaran FPI, masih pada korengan pantatnya dan ingusnya meler2 sambil ceb…;Negative;;;
"RT @OposisiCerdas: BEM UI Bantah Bela FPI: Ini soal Landasan Pembubaran Ormas
https://t.co/96CKLLPcCz";Positive;;;
"RT @geloraco: Bantah Bela FPI, BEM UI: Ini soal Landasan Pembubaran Ormas Tanpa Peradilan
https://t.co/lyI4vy6vIt";Positive;;;
RT @Dennysiregar7: Mungkin adek2 BEM @univ_indonesia yg protes pembubaran FPI, masih pada korengan pantatnya dan ingusnya meler2 sambil ceb…;Negative;;;
RT @MCAOps: BEM UI mengecam pemberangusan demokrasi dan upaya pencederaian hak asasi manusia sebagai bagian dari prinsip-prinsip negara huk…;Positive;;;
RT @HisyamMochtar: Jika pembubaran FPI karena dituduh anggotanya ada yang terlibat terorisme. Apa salahnya bubarkan PDIP karena banyak kade…;Positive;;;
"RT @geloraco: Bantah Bela FPI, BEM UI: Ini soal Landasan Pembubaran Ormas Tanpa Peradilan
https://t.co/lyI4vy6vIt";Positive;;;
"RT @jitoe02: Alasan pembubaran FPI,
AD/ART nya tidak mencantumkan Pancasila,
Anggotanya banyak yg jadi teroris,
Rizieq provokasi dg penggal…";Positive;;;
"RT @OposisiCerdas: BEM UI Bantah Bela FPI: Ini soal Landasan Pembubaran Ormas
https://t.co/96CKLLPcCz";Positive;;;
RT @SAPAR752: @FaGtng @NikitaMirzani tidak munafik,terimakasih Nyai sdh turut berperan serta atas pembubaran FPI;Positive;;;
RT @Markonah76: Wakil Ketua Komisi III DPR RI dari Fraksi Partai NasDem Ahmad Sahroni menyatakan langkah pemerintah membubarkan dan menetap…;Positive;;;
"RT @LILApama2011: Pemerintah membubarkan dan melarang FPI itu udah dipertimbangkan dengan matang, untuk itu hentikan perdebatan hukum!!

La…";Positive;;;
RT @LILApama2011: Kali ini pembicaraan bukan karena kontes Pilkada, melainkan soal pernyataan Rahayu tentang pembubaran Organisasi Masyarak…;Positive;;;
RT @idtodayco: BEM UI Kecam Keras Pembubaran FPI dan Maklumat Kapolri, Ini Alasannya https://t.co/eFksfECQW0;Negative;;;
"RT @geloraco: Bantah Bela FPI, BEM UI: Ini soal Landasan Pembubaran Ormas Tanpa Peradilan
https://t.co/lyI4vy6vIt";Negative;;;
"BEM UI bantah bela FPI soal desakan cabut Pembubaran. 

Sae Unyil ngelesnya <U+0001F602> https://t.co/yUQHzBJPrp";Negative;;;
"RT @RETHA_Monicaa: FPI dibubarkan karena sering melanggar hukum. 

Pembubaran FPI bukan berarti pemerintah anti Islam, masih banyak organis…";Positive;;;
RT @MCAOps: BEM UI mengecam pemberangusan demokrasi dan upaya pencederaian hak asasi manusia sebagai bagian dari prinsip-prinsip negara huk…;Negative;;;
"RT @geloraco: Bantah Bela FPI, BEM UI: Ini soal Landasan Pembubaran Ormas Tanpa Peradilan
https://t.co/lyI4vy6vIt";Positive;;;
"RT @denni_sauya: 5. Pembubaran Epe'i murni karena hukum, dalam AD/ART mereka pun tidak mencantumkan azas Pancasila.

Lawan Hoax Neo FPI &amp; K…";Positive;;;
"RT @LILApama2011: Pemerintah membubarkan dan melarang FPI itu udah dipertimbangkan dengan matang, untuk itu hentikan perdebatan hukum!!

La…";Positive;;;
"SKB Menteri tentang Pembubaran FPI, Berarti FPI dipukul langsung keok ini gak berkutik alia KO <U+0001F602><U+0001F602><U+0001F602>

FPI Dilarang, A… https://t.co/eBmrSym5ii";Positive;;;
RT @MCAOps: BEM UI mengecam pemberangusan demokrasi dan upaya pencederaian hak asasi manusia sebagai bagian dari prinsip-prinsip negara huk…;Positive;;;
"RT @geloraco: Bantah Bela FPI, BEM UI: Ini soal Landasan Pembubaran Ormas Tanpa Peradilan
https://t.co/lyI4vy6vIt";Negative;;;
